date,totalActivePower,dcVoltage,groundFaultResistance,powerLimit,totalEnergy,temperature,inverterMode,operationMode,L1_acCurrent,L1_acVoltage,L1_acFrequency,L1_apparentPower,L1_activePower,L1_reactivePower,L1_cosPhi,L2_acCurrent,L2_acVoltage,L2_acFrequency,L2_apparentPower,L2_activePower,L2_reactivePower,L2_cosPhi,L3_acCurrent,L3_acVoltage,L3_acFrequency,L3_apparentPower,L3_activePower,L3_reactivePower,L3_cosPhi,vL1To2,vL2To3,vL3To1
2025-06-29 04:38:25,0.0,0.0,,100.0,75100200.0,38.9191,SLEEPING,0,0.0,228.595,50.0601,0.0,0.0,0.0,0.0,0.0,234.386,50.0597,0.0,0.0,0.0,0.0,0.0,235.251,50.0601,0.0,0.0,0.0,0.0,402.679,402.262,404.294
2025-06-29 05:33:25,0.0,15.4953,,100.0,75100200.0,39.6819,MPPT,0,0.0,226.215,49.9792,0.0,0.0,0.0,0.0,0.0,231.545,49.9795,0.0,0.0,0.0,0.0,0.0,229.65,49.9797,0.0,0.0,0.0,0.0,397.142,395.758,397.819
2025-06-29 05:38:25,0.0,140.222,,100.0,75100200.0,40.6216,MPPT,0,0.0,223.297,49.9131,0.0,0.0,0.0,0.0,0.0,229.582,49.9128,0.0,0.0,0.0,0.0,0.0,229.394,49.9132,0.0,0.0,0.0,0.0,393.999,393.675,393.94
2025-06-29 05:43:25,0.0,23.7651,,100.0,75100200.0,41.9444,MPPT,0,0.0,223.043,49.9059,0.0,0.0,0.0,0.0,0.0,229.035,49.9058,0.0,0.0,0.0,0.0,0.0,231.002,49.9066,0.0,0.0,0.0,0.0,393.455,394.549,395.008
2025-06-29 05:48:25,0.0,321.759,,100.0,75100200.0,42.9095,MPPT,0,0.0,224.758,49.9314,0.0,0.0,0.0,0.0,0.0,229.759,49.9321,0.0,0.0,0.0,0.0,0.0,228.167,49.9319,0.0,0.0,0.0,0.0,394.531,393.168,394.484
2025-06-29 05:53:25,0.0,750.097,1123.44,100.0,75100200.0,39.8582,MPPT,0,0.877888,222.776,49.9564,199.407,0.0,-198.947,1.0,0.852906,229.039,49.956,220.177,0.0,-189.557,1.0,0.968724,228.485,49.9564,193.201,0.0,-220.008,1.0,392.895,392.097,393.175
2025-06-29 05:58:25,0.0,750.25,1123.44,100.0,75100200.0,43.6117,MPPT,0,0.842823,227.37,50.0464,194.304,0.0,-193.047,1.0,0.834579,232.286,50.0474,208.261,0.0,-183.741,1.0,0.907831,228.412,50.0467,191.001,0.0,-207.361,1.0,397.653,395.435,398.446
2025-06-29 06:03:25,0.0,750.461,1145.59,100.0,75100200.0,44.008,MPPT,0,0.855421,224.413,49.9794,195.096,0.0,-194.424,1.0,0.791411,230.234,49.9798,195.687,0.0,-175.133,1.0,0.856085,229.431,49.9793,180.437,0.0,-195.515,1.0,394.443,394.536,395.267
2025-06-29 06:08:25,0.0,749.855,1145.59,100.0,75100200.0,41.879,MPPT,0,0.823821,225.031,49.9094,188.695,0.0,-187.623,1.0,0.83042,229.784,49.9112,207.525,0.0,-183.519,1.0,0.904327,230.555,49.9103,189.329,0.0,-206.687,1.0,394.729,395.288,397.012
2025-06-29 06:13:25,0.0,750.484,1165.15,100.0,75100200.0,41.0164,MPPT,0,0.792107,224.905,49.9547,181.96,0.0,-181.667,1.0,0.776127,231.801,49.9546,194.294,0.0,-173.489,1.0,0.843547,232.167,49.9553,178.106,0.0,-194.279,1.0,396.599,397.981,398.161
2025-06-29 06:18:25,0.0,750.291,1165.15,100.0,75100200.0,44.7272,MPPT,0,0.791461,227.379,49.9451,182.77,0.0,-181.457,1.0,0.80014,231.519,49.9461,196.558,0.0,-174.467,1.0,0.8507,232.151,49.9468,183.975,0.0,-196.288,1.0,398.21,398.868,400.027
2025-06-29 06:23:25,0.0,750.141,1149.77,100.0,75100200.0,41.7095,MPPT,0,0.796028,228.695,49.9702,183.978,0.0,-182.181,1.0,0.815593,232.584,49.9696,207.514,0.0,-180.835,1.0,0.898369,230.719,49.97,187.57,0.0,-206.735,1.0,399.141,398.359,400.728
2025-06-29 06:28:25,31.6831,750.213,1149.77,100.0,75100200.0,44.0979,MPPT,0,0.758926,228.803,49.9653,175.695,15.3116,-175.027,1.0,0.739494,232.896,49.9638,188.086,0.0,-169.913,1.0,0.812187,230.781,49.9628,170.509,16.3715,-187.372,1.0,399.396,398.964,400.98
2025-06-29 06:33:25,142.257,750.289,1149.77,100.0,75100200.0,41.2235,MPPT,0,0.834291,226.991,49.9613,192.262,54.5335,-184.366,1.0,0.751094,231.866,49.9561,193.402,30.3717,-169.601,1.0,0.839532,231.344,49.9589,172.299,57.3521,-184.702,1.0,397.837,397.811,399.383
2025-06-29 06:38:25,274.903,750.158,1149.77,100.0,75100200.0,41.1087,MPPT,0,0.844571,230.264,49.9971,196.096,98.0913,-169.799,1.0,0.789254,233.191,49.996,209.856,69.8296,-168.05,1.0,0.907613,229.449,49.9953,181.981,106.982,-180.539,1.0,400.386,398.47,401.021
2025-06-29 06:43:25,469.948,750.402,1149.77,100.0,75100200.0,41.2046,MPPT,0,3.50777,231.73,49.9963,818.277,163.436,-801.789,1.0,3.16322,234.098,49.9956,732.867,135.94,-719.716,1.0,3.15908,230.263,49.9944,732.442,170.573,-712.74,1.0,402.182,400.26,403.021
2025-06-29 06:48:25,534.459,750.151,1149.77,100.0,75100304.0,41.321,MPPT,0,1.08514,231.825,50.0182,253.441,180.416,-177.996,1.0,1.02268,234.825,50.0184,259.334,167.273,-167.821,1.0,1.11818,229.774,50.0178,236.948,186.77,-179.919,1.0,403.344,400.016,402.911
2025-06-29 06:53:25,568.443,750.213,1149.77,100.0,75100304.0,41.4463,MPPT,0,1.16257,232.345,50.037,271.03,197.849,-185.237,1.0,1.05924,233.638,50.0357,282.569,167.13,-178.105,1.0,1.21735,229.985,50.0328,244.242,203.464,-196.082,1.0,401.968,399.538,403.757
2025-06-29 06:58:25,447.071,750.282,1149.77,100.0,75100400.0,41.5526,MPPT,0,0.993288,230.897,50.0073,231.434,149.779,-176.431,1.0,0.91612,235.107,50.0072,244.218,135.888,-162.544,1.0,1.05578,228.312,50.0064,211.864,161.404,-183.279,1.0,401.761,398.818,401.898
2025-06-29 07:03:25,282.103,750.034,1149.77,100.0,75100400.0,41.6295,MPPT,0,0.857291,231.043,49.9051,199.337,98.2771,-173.427,1.0,0.801241,233.45,49.9053,215.139,83.1731,-164.79,1.0,0.931309,228.616,49.9047,184.59,100.653,-190.141,1.0,400.799,397.903,401.677
2025-06-29 07:08:25,66.5764,750.159,1149.77,100.0,75100400.0,41.7252,MPPT,0,0.807806,228.325,50.0292,187.102,25.5435,-185.35,1.0,0.759363,233.473,50.0301,202.031,8.70677,-174.618,1.0,0.873624,230.841,50.0318,174.835,32.3261,-199.428,1.0,400.091,398.314,400.968
2025-06-29 07:13:25,0.0,750.189,1149.77,100.0,75100400.0,41.7903,MPPT,0,0.803737,229.702,49.9282,186.056,0.0,-181.397,1.0,0.76825,233.439,49.9279,201.3,0.0,-172.073,1.0,0.874337,227.253,49.93,176.441,0.0,-200.378,1.0,399.589,396.557,399.72
2025-06-29 07:18:25,0.0,750.02,1149.77,100.0,75100400.0,41.8635,MPPT,0,0.827157,232.158,49.8941,192.642,0.0,-191.275,1.0,0.829631,233.104,49.8918,200.979,0.0,-184.142,1.0,0.868733,228.373,49.8942,190.9,0.0,-199.379,1.0,400.742,397.77,402.657
2025-06-29 07:23:24,0.0,42.0228,1149.77,100.0,75100400.0,44.1059,MPPT,0,0.0,231.536,49.9129,0.0,0.0,0.0,0.0,0.0,232.582,49.9125,0.0,0.0,0.0,0.0,0.0,228.297,49.9135,0.0,0.0,0.0,0.0,400.279,397.016,401.966
2025-06-29 07:28:24,0.0,130.969,1149.77,100.0,75100400.0,44.6859,MPPT,0,0.0,232.043,50.0171,0.0,0.0,0.0,0.0,0.0,233.446,50.0172,0.0,0.0,0.0,0.0,0.0,227.472,50.0171,0.0,0.0,0.0,0.0,400.865,397.194,402.072
2025-06-29 07:33:24,0.0,749.885,1509.01,100.0,75100400.0,45.0351,MPPT,0,0.781222,230.324,50.0039,181.664,0.0,-180.764,1.0,0.775185,233.884,50.0048,199.216,0.0,-171.783,1.0,0.863836,227.896,50.0043,178.448,0.0,-197.422,1.0,400.536,397.361,400.801
2025-06-29 07:38:24,0.0,749.789,1509.01,100.0,75100400.0,42.1666,MPPT,0,0.770735,232.397,50.046,180.128,0.0,-179.1,1.0,0.757327,233.996,50.0469,196.393,0.0,-168.956,1.0,0.84776,228.643,50.0469,174.935,0.0,-194.948,1.0,402.282,398.228,403.04
2025-06-29 07:43:24,0.0,324.658,0.0,100.0,75100400.0,42.6786,FAULT,0,0.0,232.855,50.053,0.0,0.0,0.0,0.0,0.0,235.282,50.0544,0.0,0.0,0.0,0.0,0.0,230.088,50.0527,0.0,0.0,0.0,0.0,404.205,400.284,404.729
2025-06-29 07:48:24,0.0,118.652,0.0,100.0,75100400.0,44.405,MPPT,0,0.0,233.047,50.0548,0.0,0.0,0.0,0.0,0.0,235.145,50.0554,0.0,0.0,0.0,0.0,0.0,230.021,50.0566,0.0,0.0,0.0,0.0,403.689,400.497,404.971
2025-06-29 07:53:24,0.0,108.123,0.0,100.0,75100400.0,44.8694,MPPT,0,0.0,235.467,50.1136,0.0,0.0,0.0,0.0,0.0,235.973,50.115,0.0,0.0,0.0,0.0,0.0,229.891,50.1131,0.0,0.0,0.0,0.0,405.83,401.65,406.452
2025-06-29 07:58:24,0.0,119.713,0.0,100.0,75100400.0,45.0185,MPPT,0,0.0,234.46,50.1394,0.0,0.0,0.0,0.0,0.0,237.273,50.1398,0.0,0.0,0.0,0.0,0.0,230.154,50.1391,0.0,0.0,0.0,0.0,406.474,402.642,406.645
2025-06-29 08:03:24,0.0,750.02,1477.54,100.0,75100400.0,43.138,MPPT,0,0.843632,240.146,50.0685,202.712,0.0,-202.55,1.0,0.830967,239.33,50.0691,210.876,0.0,-195.86,1.0,0.884968,235.696,50.0693,197.129,0.0,-210.774,1.0,413.584,409.902,415.239
2025-06-29 08:08:24,0.0,750.328,1477.54,100.0,75100400.0,41.9751,MPPT,0,0.786821,239.736,50.0797,188.053,0.0,-187.226,1.0,0.785901,236.843,50.0806,208.151,0.0,-180.007,1.0,0.875758,235.538,50.0801,185.22,0.0,-207.035,1.0,410.703,408.204,414.294
2025-06-29 08:13:24,0.0,479.393,1477.54,100.0,75100400.0,43.1512,MPPT,0,0.0,239.726,50.0369,0.0,0.0,0.0,0.0,0.0,238.794,50.0366,0.0,0.0,0.0,0.0,0.0,235.127,50.0354,0.0,0.0,0.0,0.0,412.783,409.02,414.463
2025-06-29 08:18:24,0.0,15.7649,149.861,100.0,75100400.0,44.4625,MPPT,0,0.0,238.513,49.9869,0.0,0.0,0.0,0.0,0.0,238.564,49.9882,0.0,0.0,0.0,0.0,0.0,235.093,49.9889,0.0,0.0,0.0,0.0,411.937,408.396,413.056
2025-06-29 08:23:24,0.0,749.704,174.248,100.0,75100400.0,42.9754,MPPT,0,0.836067,239.979,49.9997,200.759,0.0,-200.623,1.0,0.834706,239.063,49.9989,211.148,0.0,-194.458,1.0,0.887231,234.776,49.9989,197.703,0.0,-210.846,1.0,412.246,409.155,414.857
2025-06-29 08:28:24,0.0,749.638,174.248,100.0,75100400.0,41.9129,MPPT,0,0.890202,242.3,49.9742,215.82,0.0,-215.695,1.0,0.855177,241.43,49.9732,232.462,0.0,-202.825,1.0,0.965832,238.136,49.9737,205.006,0.0,-232.099,1.0,416.794,414.102,418.826
2025-06-29 08:33:25,165.935,749.878,174.248,100.0,75100400.0,41.7852,MPPT,0,0.924984,240.177,50.0004,222.51,72.8856,-210.234,1.0,0.842767,239.501,50.0007,230.709,36.6127,-197.064,1.0,0.966713,236.113,49.9999,200.437,56.4366,-223.699,1.0,413.722,410.516,415.487
2025-06-29 08:38:25,171.36,749.959,174.248,100.0,75100400.0,41.7573,MPPT,0,0.937,240.007,49.9915,224.599,63.9044,-215.316,1.0,0.859092,238.743,49.9904,234.72,46.1748,-198.426,1.0,0.985719,235.715,49.9906,203.728,61.2804,-226.579,1.0,412.734,409.93,414.688
2025-06-29 08:43:25,129.855,749.709,174.248,100.0,75100496.0,41.7603,MPPT,0,0.898381,240.611,50.008,216.435,58.5837,-208.356,1.0,0.847712,240.017,50.0093,231.211,24.3799,-200.167,1.0,0.965051,237.438,50.0083,201.647,46.891,-226.406,1.0,414.381,411.818,417.195
2025-06-29 08:48:25,62.2235,749.732,174.248,100.0,75100496.0,41.7769,MPPT,0,0.895772,238.828,49.9881,215.557,34.4577,-212.785,1.0,0.83207,240.16,49.9887,220.787,1.24622,-198.147,1.0,0.923641,236.799,49.9892,198.151,26.5197,-219.188,1.0,413.784,410.798,415.383
2025-06-29 08:53:25,67.6468,749.824,174.248,100.0,75100496.0,41.8049,MPPT,0,0.862227,242.155,50.0284,208.221,30.9356,-205.91,1.0,0.820592,238.271,50.0279,222.184,9.59635,-194.784,1.0,0.924827,238.11,50.0299,195.021,27.1149,-220.523,1.0,414.419,411.953,417.996
2025-06-29 08:58:25,155.375,749.716,174.248,100.0,75100496.0,41.8194,MPPT,0,0.989241,242.485,50.0932,240.097,62.6201,-231.788,1.0,0.927004,239.635,50.0923,251.362,34.7862,-219.743,1.0,1.04045,240.129,50.0928,222.48,57.9689,-244.586,1.0,416.485,414.908,419.791
2025-06-29 09:03:25,302.959,749.603,174.248,100.0,75100496.0,41.8532,MPPT,0,1.02047,241.579,50.0657,246.989,114.352,-218.923,1.0,0.879548,239.655,50.0661,252.45,79.6544,-195.136,1.0,1.04381,241.122,50.0653,210.768,108.953,-227.729,1.0,416.047,415.515,419.677
2025-06-29 09:08:25,387.104,749.762,174.248,100.0,75100496.0,41.8719,MPPT,0,1.05007,240.704,49.9441,253.668,141.458,-210.564,1.0,0.950946,239.995,49.9455,264.16,109.505,-199.617,1.0,1.09725,239.247,49.9443,227.681,136.142,-226.375,1.0,415.455,413.691,418.092
2025-06-29 09:13:25,479.771,749.478,174.248,100.0,75100600.0,41.9062,MPPT,0,1.0548,240.847,49.9524,254.595,167.167,-192.025,1.0,0.972319,239.995,49.9533,265.111,145.395,-180.784,1.0,1.10162,238.846,49.9507,231.997,167.209,-205.731,1.0,415.267,413.133,417.758
2025-06-29 09:18:25,613.852,749.776,174.248,100.0,75100600.0,41.9156,MPPT,0,1.21501,244.095,49.9463,299.035,218.559,-204.093,1.0,1.11568,245.418,49.9461,300.721,182.518,-200.985,1.0,1.22769,243.642,49.9449,271.492,212.775,-212.508,1.0,423.044,421.067,425.302
2025-06-29 09:23:25,773.385,749.585,174.248,100.0,75100704.0,41.9367,MPPT,0,1.37149,241.317,49.9884,334.377,273.392,-192.522,1.0,1.22138,244.654,49.9888,333.742,235.109,-180.623,1.0,1.36811,243.287,49.9888,296.481,264.883,-203.029,1.0,420.709,420.005,422.142
2025-06-29 09:28:25,899.145,749.822,174.248,100.0,75100800.0,41.9443,MPPT,0,1.50889,244.154,50.0212,370.745,321.319,-184.948,1.0,1.35,243.115,50.021,364.675,273.624,-179.2,1.0,1.49156,243.162,50.0215,327.082,304.201,-201.12,1.0,421.378,418.984,425.213
2025-06-29 09:33:25,970.278,749.923,174.248,100.0,75100800.0,41.9718,MPPT,0,1.57777,243.58,50.0195,385.363,337.694,-185.655,1.0,1.46546,242.566,50.0214,380.974,306.39,-176.42,1.0,1.56947,240.739,50.0213,353.552,326.194,-196.823,1.0,420.004,416.792,422.31
2025-06-29 09:38:25,1027.57,749.559,174.248,100.0,75100896.0,41.9762,MPPT,0,1.69518,243.042,50.0571,413.9,365.615,-194.006,1.0,1.56605,242.709,50.0565,390.198,330.915,-182.319,1.0,1.60606,241.316,50.0565,377.816,331.045,-206.553,1.0,419.658,417.275,422.412
2025-06-29 09:43:25,1089.87,749.484,174.248,100.0,75101000.0,42.0087,MPPT,0,1.78776,242.225,50.0129,436.522,392.511,-191.015,1.0,1.61053,241.8,50.013,407.566,346.223,-176.351,1.0,1.67779,242.525,50.0132,388.549,351.136,-206.914,1.0,418.962,417.3,422.534
2025-06-29 09:48:25,1180.98,749.785,174.248,100.0,75101104.0,42.0184,MPPT,0,1.87627,243.501,50.0341,459.927,418.774,-190.161,1.0,1.75402,242.815,50.0333,428.038,382.935,-184.203,1.0,1.75309,243.937,50.0318,424.936,379.274,-198.414,1.0,421.152,419.286,424.225
2025-06-29 09:53:25,1264.25,749.697,174.248,100.0,75101200.0,42.0462,MPPT,0,1.95273,243.172,50.0162,478.175,441.254,-184.245,1.0,1.83412,243.049,50.016,457.957,409.931,-167.654,1.0,1.87751,242.643,50.0154,442.89,413.065,-197.741,1.0,420.473,418.495,423.499
2025-06-29 09:58:25,1353.19,749.813,174.248,100.0,75101296.0,42.0645,MPPT,0,2.08459,243.815,50.1328,511.027,473.223,-192.894,1.0,1.93794,242.635,50.1324,490.92,433.973,-177.6,1.0,2.00969,244.106,50.1328,468.908,445.992,-205.167,1.0,420.991,419.483,424.704
2025-06-29 10:03:25,1483.92,749.575,174.248,100.0,75101400.0,42.0815,MPPT,0,4.3555,244.665,50.2323,1069.79,513.144,-938.687,1.0,3.89537,243.247,50.2331,934.381,491.669,-808.361,1.0,3.8188,243.924,50.2343,946.143,479.11,-802.198,1.0,421.856,420.19,425.31
2025-06-29 10:08:25,1610.49,750.054,174.248,100.0,75101600.0,42.1079,MPPT,0,2.38604,244.765,50.217,586.631,556.529,-185.505,1.0,2.28435,243.657,50.2171,563.12,524.123,-182.455,1.0,2.29786,244.604,50.216,554.973,529.841,-190.714,1.0,422.412,420.761,426.211
2025-06-29 10:13:25,1770.03,749.697,174.248,100.0,75101696.0,42.1397,MPPT,0,2.62863,244.052,50.1368,644.847,611.785,-203.831,1.0,2.52636,244.381,50.1367,615.815,580.882,-199.821,1.0,2.51393,243.67,50.1369,614.29,577.364,-214.192,1.0,422.269,420.746,424.829
2025-06-29 10:18:25,1966.99,749.706,174.248,100.0,75101904.0,42.156,MPPT,0,2.87581,244.001,50.2149,701.759,678.514,-179.124,1.0,2.78347,242.707,50.215,674.723,641.964,-188.183,1.0,2.78744,238.837,50.215,668.977,646.509,-193.071,1.0,419.283,415.364,421.69
2025-06-29 10:23:25,2184.0,749.736,174.248,100.0,75102096.0,42.2089,MPPT,0,3.16965,243.867,50.3407,774.776,749.824,-195.041,1.0,3.07411,243.685,50.3406,746.225,714.846,-195.516,1.0,3.07557,239.333,50.3398,741.102,719.333,-198.524,1.0,419.9,416.577,422.371
2025-06-29 10:28:25,2381.2,749.674,174.248,100.0,75102304.0,42.26,MPPT,0,3.45543,242.061,50.327,842.107,818.763,-196.906,1.0,3.32784,243.462,50.3271,811.515,777.768,-195.435,1.0,3.35143,239.682,50.3265,801.946,784.67,-207.002,1.0,419.15,415.999,420.945
2025-06-29 10:33:25,2634.77,749.688,174.248,100.0,75102496.0,42.3175,MPPT,0,3.80753,241.436,50.2562,927.196,903.486,-208.339,1.0,3.70918,243.679,50.2575,895.828,866.379,-215.509,1.0,3.70167,240.263,50.2576,892.78,864.903,-233.344,1.0,418.848,416.265,420.871
2025-06-29 10:38:25,2926.39,749.63,174.248,100.0,75102704.0,42.3719,MPPT,0,4.15528,239.645,50.1853,1007.92,987.376,-202.458,1.0,4.11115,241.876,50.1856,999.075,964.783,-210.277,1.0,4.12379,241.819,50.1858,987.433,974.228,-221.427,1.0,416.622,416.138,420.233
2025-06-29 10:43:25,3200.53,749.507,174.248,100.0,75103000.0,42.4613,MPPT,0,4.58127,240.649,50.2334,1112.7,1087.82,-233.988,1.0,4.47957,241.508,50.2337,1090.99,1051.74,-232.87,1.0,4.49307,243.098,50.2335,1077.21,1060.97,-254.187,1.0,417.691,417.008,421.2
2025-06-29 10:48:25,3518.43,749.871,174.248,100.0,75103296.0,42.5486,MPPT,0,4.9783,239.609,50.1971,1208.53,1183.39,-245.203,1.0,4.93343,242.991,50.1958,1204.98,1162.85,-252.016,1.0,4.95222,243.415,50.1956,1189.84,1172.19,-279.19,1.0,417.718,418.46,421.153
2025-06-29 10:53:25,3716.96,749.659,174.248,100.0,75103600.0,42.664,MPPT,0,5.26083,238.989,50.1731,1276.03,1250.04,-256.268,1.0,5.19075,242.814,50.1732,1273.16,1225.33,-258.06,1.0,5.22531,244.292,50.1734,1252.21,1241.59,-281.74,1.0,417.394,418.658,421.574
2025-06-29 10:58:25,3450.04,749.741,174.248,100.0,75103904.0,42.7497,MPPT,0,4.9288,238.907,50.1103,1190.54,1164.87,-245.903,1.0,4.84356,241.054,50.1088,1178.84,1136.26,-241.828,1.0,4.8665,242.69,50.1092,1161.7,1148.92,-263.924,1.0,415.782,416.487,419.399
2025-06-29 11:03:25,3154.4,749.814,174.248,100.0,75104200.0,42.8105,MPPT,0,4.52387,237.958,49.9404,1091.78,1069.03,-221.714,1.0,4.45601,240.983,49.9393,1072.59,1041.3,-227.062,1.0,4.44364,240.551,49.9406,1065.76,1044.07,-245.697,1.0,414.236,414.216,417.896
2025-06-29 11:08:25,2720.56,749.628,174.248,100.0,75104400.0,42.804,MPPT,0,3.92607,238.254,50.0013,948.251,929.286,-188.699,1.0,3.81028,240.67,49.9997,919.249,895.376,-182.041,1.0,3.80054,242.524,50.0005,913.694,895.9,-205.867,1.0,415.066,415.882,418.848
2025-06-29 11:13:25,3355.31,749.802,174.248,100.0,75104704.0,42.8228,MPPT,0,4.77387,244.025,49.9988,1173.57,1138.76,-283.714,1.0,4.70893,243.998,49.9982,1147.57,1108.34,-282.131,1.0,4.67808,245.436,49.9972,1143.68,1108.21,-297.981,1.0,422.2,421.618,426.132
2025-06-29 11:18:25,3887.69,749.729,174.248,100.0,75105000.0,42.8839,MPPT,0,5.52002,242.69,50.0231,1354.65,1318.78,-309.642,1.0,5.42747,244.9,50.0224,1324.53,1284.96,-305.573,1.0,5.40287,244.695,50.0229,1320.8,1283.94,-325.388,1.0,422.169,421.213,425.058
2025-06-29 11:23:25,4046.3,749.851,174.248,100.0,75105296.0,42.9593,MPPT,0,5.71271,242.718,50.0389,1396.99,1367.91,-283.574,1.0,5.58815,241.846,50.0397,1386.71,1323.91,-272.116,1.0,5.67003,244.864,50.0392,1351.59,1354.48,-297.218,1.0,419.663,419.704,423.959
2025-06-29 11:28:25,3598.01,749.727,174.248,100.0,75105696.0,43.0021,MPPT,0,5.09939,244.009,50.036,1251.88,1213.73,-306.698,1.0,5.04528,244.314,50.0362,1235.64,1189.47,-301.513,1.0,5.03783,244.818,50.0373,1227.09,1194.81,-314.995,1.0,422.575,421.259,425.795
2025-06-29 11:33:25,3923.89,749.657,174.248,100.0,75106000.0,43.0235,MPPT,0,5.54048,245.585,50.0634,1366.5,1326.75,-327.222,1.0,5.46036,244.155,50.0628,1346.7,1291.3,-313.486,1.0,5.47055,245.474,50.0625,1328.8,1305.85,-329.186,1.0,423.367,422.023,427.736
2025-06-29 11:38:25,5475.1,749.6,174.248,100.0,75106400.0,43.1113,MPPT,0,7.66212,242.095,50.0038,1871.33,1847.1,-300.178,1.0,7.5771,241.771,50.0037,1851.79,1803.06,-290.7,1.0,7.58064,244.186,50.0028,1826.34,1824.94,-314.224,1.0,418.624,418.724,423.669
2025-06-29 11:43:25,8791.05,749.57,174.248,100.0,75107000.0,43.454,MPPT,0,12.2452,240.202,50.0561,2959.83,2949.48,-247.323,1.0,12.2187,240.723,50.0553,2941.89,2910.79,-247.631,1.0,12.2118,239.581,50.0559,2921.3,2930.78,-255.432,1.0,415.545,413.917,418.498
2025-06-29 11:48:25,9876.79,749.81,174.248,100.0,75107800.0,44.1123,MPPT,0,13.8082,238.445,50.0917,3323.76,3312.64,-271.595,1.0,13.7745,240.322,50.0918,3305.32,3271.34,-287.835,1.0,13.7703,239.469,50.0928,3283.97,3292.81,-287.209,1.0,414.469,412.761,416.679
2025-06-29 11:53:25,9281.13,749.571,174.248,100.0,75108600.0,44.7026,MPPT,0,13.0149,238.385,50.0984,3125.4,3113.68,-270.427,1.0,12.9505,238.867,50.0991,3120.25,3061.46,-286.941,1.0,13.0078,239.398,50.0991,3074.88,3105.99,-297.912,1.0,412.614,412.039,416.456
2025-06-29 11:58:25,6605.3,749.662,174.248,100.0,75109296.0,44.9918,MPPT,0,9.34342,236.735,50.1292,2230.72,2214.68,-267.045,1.0,9.33245,237.511,50.1287,2221.83,2186.29,-271.172,1.0,9.30603,238.214,50.1286,2203.04,2204.33,-278.293,1.0,410.117,409.503,414.212
2025-06-29 12:03:25,6182.41,749.395,174.248,100.0,75109800.0,44.9229,MPPT,0,8.75144,236.17,50.2698,2082.99,2068.75,-243.133,1.0,8.751,236.591,50.2698,2078.64,2050.29,-242.442,1.0,8.71953,237.401,50.2698,2064.57,2063.37,-251.525,1.0,408.882,408.658,412.908
2025-06-29 12:08:25,7717.44,749.596,174.248,100.0,75110400.0,44.9825,MPPT,0,10.9025,238.745,50.2083,2614.21,2600.17,-270.536,1.0,10.8439,239.472,50.2081,2572.03,2560.49,-272.783,1.0,10.7609,236.891,50.2085,2574.98,2556.78,-279.66,1.0,412.501,411.036,414.975
2025-06-29 12:13:25,9367.04,749.959,174.248,100.0,75111200.0,45.242,MPPT,0,13.2376,236.465,50.1072,3150.84,3140.23,-258.313,1.0,13.2252,238.655,50.1094,3127.86,3111.07,-266.27,1.0,13.1741,235.941,50.1083,3122.44,3115.74,-275.037,1.0,410.215,408.944,411.966
2025-06-29 12:18:25,9914.55,749.96,174.248,100.0,75112000.0,45.5121,MPPT,0,14.494,236.052,50.0514,3450.73,3315.5,-956.569,1.0,14.3733,239.0,50.0504,3389.81,3294.66,-833.816,1.0,14.2673,235.916,50.0506,3398.53,3304.39,-756.175,1.0,410.18,409.102,412.063
2025-06-29 12:23:25,10226.2,749.87,174.248,100.0,75112896.0,45.847,MPPT,0,14.4605,234.447,50.1122,3433.18,3425.84,-224.419,1.0,14.4091,237.835,50.1121,3418.24,3389.94,-231.157,1.0,14.386,237.753,50.111,3397.81,3410.4,-231.453,1.0,408.881,408.853,412.092
2025-06-29 12:28:25,11242.6,749.806,174.248,100.0,75113800.0,46.0997,MPPT,0,15.7883,237.559,50.0814,3785.26,3776.66,-255.006,1.0,15.7592,238.941,50.0818,3748.16,3728.14,-276.552,1.0,15.7138,237.623,50.0846,3738.38,3737.81,-278.419,1.0,412.208,410.515,414.006
2025-06-29 12:33:25,12391.1,750.002,174.248,100.0,75114800.0,46.5475,MPPT,0,17.2879,237.768,50.035,4149.93,4140.9,-273.643,1.0,17.292,240.706,50.0353,4127.97,4132.9,-296.507,1.0,17.2191,239.864,50.0351,4143.52,4117.27,-296.913,1.0,414.965,414.058,414.995
2025-06-29 12:38:25,12913.7,749.777,174.248,100.0,75115904.0,47.0318,MPPT,0,17.9152,239.417,50.0568,4336.91,4327.78,-281.217,1.0,17.7935,241.033,50.0538,4319.99,4276.95,-291.918,1.0,17.8507,243.031,50.058,4286.9,4308.94,-308.811,1.0,417.13,417.171,418.836
2025-06-29 12:43:25,11399.3,749.787,174.248,100.0,75116896.0,47.2833,MPPT,0,15.9713,238.033,49.9697,3833.61,3823.62,-276.45,1.0,15.8578,237.759,49.9689,3832.66,3755.59,-286.724,1.0,15.9445,241.643,49.9686,3766.52,3820.11,-309.869,1.0,412.707,412.443,416.824
2025-06-29 12:48:25,12460.6,749.67,174.248,100.0,75118000.0,47.5241,MPPT,0,17.3923,238.829,49.9941,4196.65,4187.68,-274.213,1.0,17.3469,239.115,49.9926,4157.99,4125.84,-288.624,1.0,17.3138,240.252,49.9944,4135.92,4147.1,-300.657,1.0,414.503,412.314,416.989
2025-06-29 12:53:25,11393.4,749.703,174.248,100.0,75119000.0,47.7987,MPPT,0,15.8602,239.405,50.0164,3837.44,3828.84,-256.751,1.0,15.7456,239.986,50.0177,3813.61,3762.2,-283.3,1.0,15.8015,242.317,50.0164,3772.85,3802.38,-292.393,1.0,416.083,414.789,418.839
2025-06-29 12:58:25,12262.5,749.791,174.248,100.0,75120000.0,47.7892,MPPT,0,16.8356,241.321,50.0669,4105.11,4097.11,-256.197,1.0,16.8542,242.669,50.0655,4104.02,4072.45,-283.001,1.0,16.8649,244.184,50.0677,4082.27,4092.98,-300.87,1.0,420.281,419.098,421.939
2025-06-29 13:03:25,13448.0,749.62,174.248,100.0,75121104.0,48.0304,MPPT,0,18.3989,242.943,50.1819,4518.98,4509.72,-289.195,1.0,18.3472,243.666,50.1826,4495.88,4452.86,-304.087,1.0,18.3519,246.039,50.1838,4463.23,4485.41,-306.604,1.0,422.49,421.109,425.173
2025-06-29 13:08:25,15329.8,749.685,174.248,100.0,75122400.0,48.5715,MPPT,0,21.0935,242.59,50.1086,5165.69,5156.21,-312.917,1.0,21.0196,242.942,50.1084,5098.92,5084.78,-303.142,1.0,21.0342,242.995,50.1095,5093.81,5088.83,-320.473,1.0,422.323,417.595,421.575
2025-06-29 13:13:25,11351.4,749.493,174.248,100.0,75123600.0,48.9006,MPPT,0,15.9845,230.23,50.1236,3787.84,3777.61,-278.111,1.0,15.9145,240.647,50.1262,3818.73,3766.37,-281.029,1.0,15.9524,242.099,50.1247,3776.84,3807.45,-293.291,1.0,409.244,413.117,412.13
2025-06-29 13:18:25,9899.74,749.74,174.248,100.0,75124400.0,48.6362,MPPT,0,13.9564,235.896,50.1957,3329.08,3316.91,-284.333,1.0,13.8712,238.232,50.1956,3323.78,3272.2,-285.42,1.0,13.9719,237.841,50.1953,3284.62,3310.63,-295.386,1.0,410.93,409.487,412.549
2025-06-29 13:23:25,11514.8,749.706,174.248,100.0,75125400.0,48.6197,MPPT,0,16.1003,239.616,50.2276,3886.88,3876.86,-278.935,1.0,16.0502,239.249,50.2263,3836.57,3813.34,-317.386,1.0,16.0174,239.322,50.2266,3826.53,3824.62,-302.666,1.0,415.343,411.828,416.923
2025-06-29 13:28:25,12487.6,749.742,174.248,100.0,75126400.0,48.6418,MPPT,0,17.4558,239.62,50.249,4209.78,4200.48,-279.573,1.0,17.3988,240.595,50.2492,4161.53,4136.3,-301.606,1.0,17.4193,237.298,50.2488,4147.28,4150.81,-298.459,1.0,415.694,410.769,415.81
2025-06-29 13:33:25,13653.3,749.812,174.248,100.0,75127504.0,48.7597,MPPT,0,19.2594,235.518,50.2696,4592.75,4587.38,-222.082,1.0,19.1436,237.199,50.2709,4559.93,4512.0,-225.987,1.0,19.1765,237.362,50.2715,4517.66,4553.88,-234.782,1.0,409.797,408.469,412.002
2025-06-29 13:38:25,10756.4,749.783,174.248,100.0,75128496.0,48.7979,MPPT,0,15.1962,235.888,50.2469,3620.82,3611.53,-259.282,1.0,15.1078,237.256,50.248,3600.15,3555.23,-260.537,1.0,15.1538,237.383,50.2477,3564.76,3589.67,-274.593,1.0,409.902,408.45,412.558
2025-06-29 13:43:25,10228.2,749.831,174.248,100.0,75129400.0,48.6634,MPPT,0,14.5102,235.913,50.2783,3449.79,3440.88,-247.865,1.0,14.4579,235.646,50.2784,3413.43,3383.52,-239.928,1.0,14.4222,235.85,50.2787,3392.02,3403.84,-255.657,1.0,407.921,406.031,411.28
2025-06-29 13:48:25,10603.5,750.009,174.248,100.0,75130304.0,48.5844,MPPT,0,15.0687,235.44,50.3712,3573.63,3565.56,-239.923,1.0,15.001,235.036,50.3703,3542.12,3504.26,-235.259,1.0,14.9928,235.774,50.3702,3512.15,3533.71,-243.968,1.0,407.194,405.36,410.71
2025-06-29 13:53:25,10881.7,749.996,174.248,100.0,75131296.0,48.5389,MPPT,0,15.5495,234.847,50.3218,3678.4,3669.35,-257.902,1.0,15.4035,236.001,50.322,3635.21,3586.46,-248.709,1.0,15.4346,233.433,50.3225,3595.07,3625.87,-260.322,1.0,406.551,404.429,408.916
2025-06-29 13:58:25,12186.4,749.811,174.248,100.0,75132200.0,48.5855,MPPT,0,17.3551,236.01,50.2749,4113.21,4106.74,-230.566,1.0,17.237,235.806,50.2762,4055.67,4030.09,-229.088,1.0,17.1779,235.095,50.2749,4036.6,4049.57,-222.282,1.0,407.732,405.557,410.828
2025-06-29 14:03:25,15131.3,749.937,174.248,100.0,75133400.0,48.9507,MPPT,0,21.2313,234.877,50.3301,5057.96,5052.17,-241.874,1.0,21.2229,237.37,50.3305,5063.52,5020.65,-228.203,1.0,21.205,240.531,50.3307,5025.83,5058.47,-226.192,1.0,410.234,410.57,413.749
2025-06-29 14:08:25,15448.0,749.96,174.248,100.0,75134704.0,49.506,MPPT,0,21.8017,236.035,50.2439,5198.54,5189.62,-304.545,1.0,21.6675,237.465,50.243,5158.0,5109.68,-309.483,1.0,21.6931,237.9,50.2437,5119.05,5148.66,-310.23,1.0,410.421,408.997,412.821
2025-06-29 14:13:25,21346.9,749.856,174.248,100.0,75136400.0,50.6089,MPPT,0,29.404,241.876,50.1699,7173.76,7167.55,-298.265,1.0,29.4322,242.864,50.169,7072.6,7112.16,-269.222,1.0,29.3887,240.339,50.1682,7117.25,7067.16,-277.328,1.0,421.243,415.261,419.041
2025-06-29 14:18:25,21010.3,749.765,174.248,100.0,75138200.0,51.9111,MPPT,0,29.27,241.464,50.1352,7091.59,7085.93,-283.328,1.0,29.1786,236.562,50.1381,6992.84,6936.8,-258.268,1.0,29.1397,241.138,50.1364,6941.6,6987.57,-271.522,1.0,415.348,411.757,418.378
2025-06-29 14:23:25,13312.6,749.731,174.248,100.0,75139800.0,52.5032,MPPT,0,18.863,237.691,50.0594,4493.98,4487.69,-237.762,1.0,18.7266,234.538,50.0595,4442.67,4388.36,-229.241,1.0,18.772,235.97,50.0595,4394.35,4436.52,-233.809,1.0,408.839,405.755,412.012
2025-06-29 14:28:25,10881.0,749.844,174.248,100.0,75140800.0,51.7787,MPPT,0,15.5072,235.001,50.0754,3667.19,3659.58,-236.16,1.0,15.4191,231.988,50.0755,3638.8,3589.94,-214.412,1.0,15.4002,237.755,50.074,3596.33,3631.48,-230.65,1.0,405.458,404.836,410.454
2025-06-29 14:33:25,9655.6,749.766,174.248,100.0,75141696.0,51.066,MPPT,0,13.8261,233.891,50.0442,3258.43,3250.22,-231.058,1.0,13.7457,231.535,50.0435,3225.18,3188.28,-219.198,1.0,13.7004,236.943,50.0448,3195.81,3217.09,-228.292,1.0,404.031,403.484,408.876
2025-06-29 14:38:25,9230.89,749.826,174.248,100.0,75142496.0,50.4693,MPPT,0,13.2292,231.29,49.9387,3101.38,3092.43,-235.416,1.0,13.1568,232.088,49.9372,3094.69,3052.59,-222.322,1.0,13.1847,237.359,49.9374,3060.68,3085.87,-233.497,1.0,403.329,403.716,406.777
2025-06-29 14:43:25,12584.8,749.867,174.248,100.0,75143400.0,50.0915,MPPT,0,17.8663,233.303,49.9498,4231.09,4224.52,-235.615,1.0,17.7824,233.858,49.949,4203.47,4163.4,-215.948,1.0,17.7272,240.724,49.9477,4169.0,4196.86,-235.514,1.0,406.672,407.603,411.02
2025-06-29 14:48:25,14484.1,749.767,174.248,100.0,75144600.0,50.2998,MPPT,0,20.4981,234.573,49.9891,4867.57,4861.08,-251.155,1.0,20.3886,233.954,49.9913,4848.24,4780.57,-225.729,1.0,20.4034,240.337,49.9909,4785.9,4842.4,-237.861,1.0,407.491,408.21,411.986
2025-06-29 14:53:25,13111.6,749.747,174.248,100.0,75145904.0,50.7662,MPPT,0,18.5899,232.775,49.9503,4403.83,4396.62,-251.825,1.0,18.4661,233.667,49.9511,4384.65,4335.83,-218.023,1.0,18.4889,240.664,49.9509,4341.31,4379.11,-220.412,1.0,406.637,407.578,410.746
2025-06-29 14:58:25,17997.8,750.014,174.248,100.0,75147200.0,50.8929,MPPT,0,25.1822,236.296,49.9275,6020.0,6014.72,-252.006,1.0,25.1523,235.913,49.9267,6029.6,5957.9,-247.37,1.0,25.2096,242.128,49.9252,5963.04,6025.12,-232.299,1.0,411.309,411.309,414.716
2025-06-29 15:03:25,14869.0,749.976,174.248,100.0,75148704.0,51.6268,MPPT,0,20.8497,235.571,50.0485,4986.44,4980.76,-237.908,1.0,20.7628,236.71,50.0491,4965.54,4927.49,-223.841,1.0,20.7489,242.632,50.0505,4932.58,4960.79,-217.187,1.0,411.757,411.839,414.544
2025-06-29 15:08:25,9096.36,750.058,174.248,100.0,75149696.0,51.0946,MPPT,0,12.9379,230.387,50.0581,3050.41,3041.65,-231.028,1.0,12.844,234.995,50.0591,3051.08,3011.06,-220.125,1.0,12.8814,241.364,50.0586,3019.1,3043.64,-212.862,1.0,406.547,408.09,409.296
2025-06-29 15:13:25,8292.21,749.763,174.248,100.0,75150400.0,50.2622,MPPT,0,11.7515,230.473,50.0746,2773.25,2762.9,-239.399,1.0,11.7236,235.653,50.073,2783.25,2754.7,-221.162,1.0,11.7361,241.577,50.0729,2763.56,2774.61,-219.127,1.0,407.162,409.073,409.492
2025-06-29 15:18:25,8063.38,749.578,174.248,100.0,75151104.0,49.7031,MPPT,0,11.3931,231.368,50.0503,2693.7,2683.31,-236.314,1.0,11.3789,235.705,50.0507,2713.93,2675.65,-227.557,1.0,11.4386,241.533,50.0495,2685.31,2704.42,-226.975,1.0,407.988,409.21,409.966
2025-06-29 15:23:25,7363.56,749.955,174.248,100.0,75151800.0,49.1354,MPPT,0,10.5139,230.955,50.0573,2479.37,2467.36,-243.777,1.0,10.427,235.01,50.0567,2460.4,2446.13,-228.265,1.0,10.3887,240.743,50.0571,2456.76,2450.08,-225.189,1.0,406.632,408.188,409.145
2025-06-29 15:28:25,8988.44,749.79,174.248,100.0,75152400.0,48.7018,MPPT,0,12.7117,235.859,50.0182,3036.14,3026.9,-236.731,1.0,12.6107,235.633,50.0163,2994.99,2976.0,-236.757,1.0,12.5714,240.747,50.0167,2985.4,2985.54,-237.66,1.0,410.493,409.821,413.732
2025-06-29 15:33:25,9211.18,749.752,174.248,100.0,75153296.0,48.6232,MPPT,0,12.9996,235.643,50.1285,3096.91,3086.9,-248.746,1.0,12.9708,238.293,50.1293,3073.44,3060.91,-241.772,1.0,12.9216,237.337,50.129,3070.44,3063.37,-248.646,1.0,410.346,409.52,411.834
2025-06-29 15:38:25,10550.5,749.927,174.248,100.0,75154304.0,48.8008,MPPT,0,14.7602,235.849,50.1066,3533.08,3525.51,-231.273,1.0,14.731,238.907,50.1076,3531.92,3500.59,-237.758,1.0,14.7717,239.579,50.1073,3508.66,3524.45,-229.675,1.0,412.34,411.618,413.572
2025-06-29 15:43:25,9582.33,749.892,174.248,100.0,75155200.0,48.614,MPPT,0,13.5074,235.324,50.1037,3215.03,3206.88,-228.748,1.0,13.4817,237.623,50.1043,3207.01,3176.09,-227.979,1.0,13.4981,237.385,50.1054,3184.26,3199.36,-221.395,1.0,410.213,408.608,411.761
2025-06-29 15:48:25,8606.93,749.811,174.248,100.0,75155904.0,48.2932,MPPT,0,12.2027,234.971,50.1384,2897.08,2888.45,-223.339,1.0,12.1397,237.807,50.1384,2874.13,2852.98,-215.579,1.0,12.1329,236.811,50.1373,2861.12,2865.49,-222.694,1.0,409.476,408.288,410.999
2025-06-29 15:53:25,11456.6,749.845,174.248,100.0,75156800.0,48.3408,MPPT,0,16.0583,237.513,50.09,3848.19,3841.99,-218.467,1.0,16.0316,237.326,50.0893,3823.32,3797.35,-215.916,1.0,15.9874,239.723,50.0891,3803.48,3817.22,-215.871,1.0,411.337,411.115,414.966
2025-06-29 15:58:25,6590.09,749.754,174.248,100.0,75157600.0,48.2573,MPPT,0,9.40503,234.622,50.0786,2224.22,2212.19,-230.982,1.0,9.34051,235.755,50.0759,2207.61,2182.02,-220.691,1.0,9.3355,236.752,50.0779,2193.15,2195.88,-227.251,1.0,407.395,407.376,410.184
2025-06-29 16:08:25,4167.46,750.056,3847.86,100.0,75158000.0,47.0719,MPPT,0,6.04693,234.022,50.1228,1428.19,1406.47,-248.122,1.0,5.99528,235.067,50.122,1407.99,1379.06,-255.05,1.0,5.97694,235.928,50.1222,1402.45,1381.93,-269.642,1.0,406.874,405.259,408.979
2025-06-29 16:33:26,11498.7,750.082,1802.84,100.0,75158896.0,45.6954,MPPT,0,16.657,228.956,50.0051,3874.74,3864.83,-276.847,1.0,16.6344,231.678,50.0058,3824.35,3823.96,-327.75,1.0,16.5771,232.149,50.0069,3837.98,3809.91,-331.955,1.0,400.928,397.607,401.269
2025-06-29 16:38:26,11050.3,750.048,1802.84,100.0,75159800.0,46.2569,MPPT,0,16.0779,230.056,50.0611,3718.59,3709.68,-257.357,1.0,16.0674,230.139,50.06,3682.12,3669.76,-283.994,1.0,16.0416,229.075,50.062,3680.73,3670.88,-287.466,1.0,398.916,395.415,399.211
2025-06-29 16:43:26,10958.7,750.012,1802.84,100.0,75160704.0,46.6018,MPPT,0,15.9688,230.821,50.0716,3700.09,3691.52,-251.769,1.0,15.8727,230.297,50.0701,3655.51,3623.32,-279.063,1.0,15.8798,228.719,50.0713,3634.05,3643.84,-291.861,1.0,398.618,395.726,400.49
2025-06-29 16:48:26,12828.4,749.765,1802.84,100.0,75161696.0,46.9953,MPPT,0,18.5574,231.55,50.1291,4320.55,4311.91,-273.074,1.0,18.4986,231.754,50.13,4275.39,4252.32,-285.971,1.0,18.4675,230.053,50.1294,4261.92,4264.22,-308.766,1.0,400.591,398.113,401.966
2025-06-29 16:53:26,9154.91,750.03,1802.84,100.0,75162600.0,47.295,MPPT,0,13.3115,231.711,50.1554,3089.59,3077.69,-270.987,1.0,13.2656,230.539,50.155,3065.62,3026.28,-283.271,1.0,13.2727,229.296,50.1536,3039.5,3050.95,-299.548,1.0,399.439,396.323,401.876
2025-06-29 16:58:26,6821.32,750.239,1802.84,100.0,75163296.0,47.0755,MPPT,0,9.64517,239.886,50.1729,2316.22,2298.53,-285.724,1.0,9.56015,239.23,50.173,2296.86,2247.57,-297.477,1.0,9.62087,235.903,50.1721,2267.17,2275.23,-314.49,1.0,412.842,410.077,415.298
2025-06-29 17:03:26,5237.55,749.806,1802.84,100.0,75163800.0,46.7414,MPPT,0,7.42915,237.546,50.2679,1781.47,1760.2,-274.421,1.0,7.38739,240.962,50.2683,1766.12,1734.78,-275.009,1.0,7.4022,237.323,50.2687,1756.44,1742.57,-287.493,1.0,413.385,411.276,414.85
2025-06-29 17:08:26,4366.24,750.099,1802.84,100.0,75164200.0,46.3525,MPPT,0,6.26934,240.549,50.2489,1512.73,1488.79,-268.096,1.0,6.16974,239.778,50.2472,1466.77,1438.3,-275.556,1.0,6.13873,235.822,50.2492,1464.46,1439.15,-283.266,1.0,414.007,410.27,416.402
2025-06-29 17:13:26,3152.68,750.161,1802.84,100.0,75164496.0,45.9899,MPPT,0,4.56348,240.09,50.242,1102.24,1082.41,-208.137,1.0,4.4323,240.28,50.2418,1060.27,1035.64,-213.313,1.0,4.4153,239.196,50.2432,1057.38,1034.62,-231.799,1.0,414.957,412.562,418.356
2025-06-29 17:18:26,1997.42,750.101,1802.84,100.0,75164704.0,45.5931,MPPT,0,2.91798,236.811,50.2398,700.511,674.958,-187.475,1.0,2.88022,240.733,50.2404,696.106,659.404,-190.261,1.0,2.9051,239.727,50.2393,686.304,663.059,-211.937,1.0,413.543,412.861,415.716
2025-06-29 17:23:25,3476.06,750.027,1802.84,100.0,75164896.0,45.2585,MPPT,0,5.00263,237.205,50.2429,1200.46,1178.9,-226.459,1.0,4.89595,240.069,50.2442,1179.6,1142.33,-230.496,1.0,4.92196,240.155,50.245,1165.35,1154.83,-240.493,1.0,413.557,412.42,416.139
2025-06-29 17:28:26,5034.84,749.96,1802.84,100.0,75165296.0,45.1927,MPPT,0,7.13954,239.767,50.1715,1728.94,1707.36,-272.308,1.0,6.99592,241.419,50.1703,1692.94,1658.02,-261.607,1.0,6.99908,241.98,50.171,1678.53,1669.46,-280.972,1.0,416.842,416.111,419.314
2025-06-29 21:18:25,0.0,0.0,,100.0,75165504.0,35.887,SLEEPING,0,0.0,237.779,49.8853,0.0,0.0,0.0,0.0,0.0,236.586,49.8853,0.0,0.0,0.0,0.0,0.0,242.558,49.8856,0.0,0.0,0.0,0.0,412.854,411.8,416.841
2025-06-29 22:23:25,0.0,0.0,,100.0,75165504.0,36.9255,SLEEPING,0,0.0,233.547,50.0416,0.0,0.0,0.0,0.0,0.0,236.06,50.042,0.0,0.0,0.0,0.0,0.0,237.626,50.0423,0.0,0.0,0.0,0.0,407.923,407.244,409.725
2025-06-30 05:28:25,0.0,62.3289,,100.0,75165504.0,38.5761,MPPT,0,0.0,242.032,49.9771,0.0,0.0,0.0,0.0,0.0,242.448,49.9776,0.0,0.0,0.0,0.0,0.0,244.9,49.9775,0.0,0.0,0.0,0.0,420.433,419.517,422.79
2025-06-30 05:33:25,0.0,379.336,,100.0,75165504.0,39.9615,MPPT,0,0.0,239.652,49.9785,0.0,0.0,0.0,0.0,0.0,243.372,49.9776,0.0,0.0,0.0,0.0,0.0,241.748,49.9769,0.0,0.0,0.0,0.0,419.649,416.818,418.915
2025-06-30 05:38:25,18.3019,750.042,1379.5,100.0,75165504.0,38.0583,MPPT,0,0.862128,243.142,49.9429,209.78,14.2911,-209.293,1.0,0.853166,239.537,49.9416,223.882,0.0,-203.378,1.0,0.923257,242.8,49.9424,205.288,4.01074,-223.846,1.0,418.464,416.819,421.515
2025-06-30 05:43:25,85.8414,749.744,1379.5,100.0,75165504.0,41.8422,MPPT,0,0.88256,240.758,49.9286,214.069,44.9654,-209.293,1.0,0.814357,240.573,49.9285,235.596,2.98044,-196.262,1.0,0.971774,243.744,49.929,196.285,37.8955,-232.528,1.0,418.211,417.444,420.053
2025-06-30 05:48:25,134.087,749.926,1379.5,100.0,75165504.0,43.2989,MPPT,0,0.893107,237.054,49.969,215.6,50.5972,-209.578,1.0,0.828014,242.388,49.9693,234.374,25.0905,-197.929,1.0,0.971289,242.541,49.9693,199.513,58.3992,-226.981,1.0,417.379,416.318,417.153
2025-06-30 05:53:25,285.156,749.913,1379.5,100.0,75165504.0,44.1376,MPPT,0,0.935786,238.047,49.9647,225.711,104.285,-200.175,1.0,0.868482,242.092,49.9657,247.341,75.1312,-194.94,1.0,1.02659,241.291,49.9651,208.917,105.739,-223.6,1.0,417.2,415.626,416.801
2025-06-30 05:58:25,416.193,749.988,1379.5,100.0,75165600.0,44.6988,MPPT,0,1.02539,239.371,50.0299,247.379,149.144,-197.363,1.0,0.939737,238.779,50.0304,266.942,118.404,-191.711,1.0,1.10637,242.581,50.0294,225.328,148.644,-221.727,1.0,415.594,414.987,417.991
2025-06-30 06:03:25,395.777,749.79,1379.5,100.0,75165600.0,41.433,MPPT,0,1.01765,240.363,50.0177,246.801,140.312,-203.036,1.0,0.956669,242.779,50.0165,267.278,114.247,-199.919,1.0,1.10657,240.675,50.0175,230.26,141.218,-226.926,1.0,418.62,416.128,418.953
2025-06-30 06:08:25,437.615,754.212,1379.5,100.0,75165600.0,42.8449,MPPT,0,1.0787,245.198,49.9934,268.029,155.317,-218.441,1.0,0.964579,249.822,49.9931,285.88,121.811,-206.354,1.0,1.15112,249.131,49.9945,239.625,160.487,-236.583,1.0,429.988,428.822,429.663
2025-06-30 06:13:26,463.87,756.699,1379.5,100.0,75165696.0,44.7205,MPPT,0,1.1062,247.356,49.9307,275.699,167.44,-219.029,1.0,1.00777,247.601,49.929,288.02,127.359,-214.629,1.0,1.15844,248.579,49.9303,249.571,169.071,-233.175,1.0,429.507,427.583,430.924
2025-06-30 06:18:26,406.635,753.166,1379.5,100.0,75165696.0,40.3544,MPPT,0,1.04424,246.068,49.9993,259.157,145.876,-214.202,1.0,0.918974,248.534,49.9981,265.424,116.452,-195.103,1.0,1.07206,247.065,49.9996,227.214,144.307,-222.768,1.0,428.724,426.937,428.843
2025-06-30 06:23:25,320.68,752.247,1379.5,100.0,75165696.0,43.4588,MPPT,0,0.991454,244.975,49.9738,246.069,114.863,-217.616,1.0,0.892991,247.189,49.9741,266.061,84.6073,-203.087,1.0,1.07741,248.669,49.9738,220.006,121.209,-236.847,1.0,427.878,426.04,428.643
2025-06-30 06:28:26,157.968,749.563,1379.5,100.0,75165800.0,43.5029,MPPT,0,0.911457,243.113,49.9735,224.645,55.1626,-217.767,1.0,0.863859,248.583,49.9731,233.306,38.962,-208.099,1.0,0.955382,243.124,49.9735,211.715,63.8431,-224.401,1.0,425.702,422.403,424.282
2025-06-30 06:33:26,135.125,752.63,1379.5,100.0,75165800.0,40.2157,MPPT,0,0.920844,246.002,49.9214,228.302,55.8592,-221.363,1.0,0.875502,248.384,49.9216,248.633,19.262,-214.508,1.0,1.00987,244.19,49.9205,215.372,60.0042,-241.284,1.0,427.883,424.024,427.334
2025-06-30 06:38:25,252.659,749.889,1379.5,100.0,75165800.0,40.472,MPPT,0,0.903324,245.205,49.8953,222.914,99.4286,-199.51,1.0,0.854529,246.27,49.8946,243.31,60.0685,-200.061,1.0,0.994651,243.043,49.8964,208.885,93.1621,-224.767,1.0,425.288,421.443,425.379
2025-06-30 06:43:26,467.736,749.967,1379.5,100.0,75165800.0,44.3529,MPPT,0,1.07162,244.389,49.8912,264.448,169.312,-203.141,1.0,0.979991,247.694,49.8928,275.823,137.685,-197.14,1.0,1.12502,244.028,49.8913,240.46,160.739,-224.145,1.0,426.156,423.115,425.542
2025-06-30 06:48:26,1626.93,753.198,1379.5,100.0,75165904.0,41.1762,MPPT,0,2.40641,246.143,50.0327,597.397,566.928,-188.352,1.0,2.27951,249.015,50.033,566.585,531.135,-182.726,1.0,2.29969,244.499,50.032,561.688,528.871,-203.257,1.0,428.254,424.706,427.969
2025-06-30 06:53:26,1571.49,758.604,1379.5,100.0,75166000.0,40.4118,MPPT,0,2.3133,248.066,49.9733,578.086,549.822,-178.545,1.0,2.17881,250.664,49.9729,544.943,513.728,-167.852,1.0,2.19183,246.966,49.9727,540.454,507.943,-197.373,1.0,431.559,428.442,431.331
2025-06-30 06:58:25,1901.11,761.723,1379.5,100.0,75166200.0,40.4241,MPPT,0,2.73494,250.417,50.007,685.147,654.113,-203.869,1.0,2.63587,249.796,50.0062,656.626,625.103,-191.774,1.0,2.63633,247.004,50.0077,653.858,621.89,-210.737,1.0,432.08,428.819,432.978
2025-06-30 07:03:26,1095.82,757.352,1379.5,100.0,75166304.0,40.4994,MPPT,0,1.75582,247.335,50.0496,437.357,384.474,-208.473,1.0,1.65993,248.009,50.0481,416.112,359.477,-198.422,1.0,1.67852,247.854,50.0483,410.603,351.873,-222.113,1.0,429.595,427.308,430.297
2025-06-30 07:08:26,1904.61,756.914,1379.5,100.0,75166400.0,40.5796,MPPT,0,2.72846,246.222,50.0442,680.431,651.953,-194.792,1.0,2.64324,250.677,50.0427,664.023,626.301,-195.208,1.0,2.68103,246.971,50.0413,656.018,626.353,-220.475,1.0,430.873,427.598,429.77
2025-06-30 07:13:25,1832.43,756.027,1379.5,100.0,75166600.0,40.6913,MPPT,0,2.64805,247.164,50.0464,659.132,627.146,-202.835,1.0,2.54897,247.955,50.0453,644.237,600.567,-190.969,1.0,2.59865,247.665,50.0446,630.198,604.714,-222.177,1.0,429.207,427.173,430.085
2025-06-30 07:18:25,1430.08,752.667,1379.5,100.0,75166704.0,40.7811,MPPT,0,2.19734,246.526,49.9847,544.893,501.614,-212.818,1.0,2.05963,247.546,49.985,515.969,465.541,-202.021,1.0,2.09178,246.444,49.9844,507.484,462.923,-227.874,1.0,428.384,425.534,428.578
2025-06-30 07:23:25,886.546,759.027,1379.5,100.0,75166800.0,40.8042,MPPT,0,1.59636,247.852,50.0213,398.417,318.332,-239.586,1.0,1.4394,249.063,50.0218,374.684,286.281,-214.367,1.0,1.50566,248.604,50.0226,357.645,281.933,-246.783,1.0,431.146,428.653,431.577
2025-06-30 07:28:25,727.845,756.762,1379.5,100.0,75166896.0,40.8259,MPPT,0,1.41038,247.423,50.0365,351.498,267.713,-227.774,1.0,1.2831,247.307,50.0361,333.936,236.036,-211.553,1.0,1.34681,248.162,50.0359,316.966,224.096,-247.577,1.0,429.175,426.805,430.567
2025-06-30 07:33:25,700.622,753.799,1379.5,100.0,75167000.0,40.849,MPPT,0,1.34512,245.432,50.0375,333.866,254.72,-215.835,1.0,1.2108,248.078,50.0365,322.661,220.435,-201.369,1.0,1.3071,246.547,50.0388,298.565,225.467,-230.813,1.0,427.953,425.55,428.134
2025-06-30 07:38:25,798.442,756.892,1379.5,100.0,75167000.0,40.8697,MPPT,0,1.50264,247.913,50.0388,374.282,290.795,-235.638,1.0,1.34822,247.101,50.0376,353.167,255.185,-213.516,1.0,1.42417,247.366,50.0375,332.729,252.462,-246.961,1.0,428.954,426.706,430.399
2025-06-30 07:43:25,824.514,758.913,1379.5,100.0,75167104.0,40.8885,MPPT,0,1.52968,248.735,50.0684,381.917,302.181,-233.553,1.0,1.37059,248.329,50.0693,347.993,266.377,-208.606,1.0,1.40548,246.078,50.0684,338.339,255.957,-235.766,1.0,429.782,426.279,430.839
2025-06-30 07:48:25,616.731,756.831,1379.5,100.0,75167200.0,40.9097,MPPT,0,1.32139,247.288,50.0801,329.296,233.281,-232.412,1.0,1.15547,248.71,50.0789,309.975,193.265,-210.657,1.0,1.25287,246.339,50.081,285.881,190.184,-244.774,1.0,429.725,426.257,430.152
2025-06-30 07:53:25,488.3,753.3,1379.5,100.0,75167200.0,40.9191,MPPT,0,1.21579,245.863,50.0591,301.702,186.085,-237.479,1.0,1.10335,248.25,50.0594,291.485,154.714,-223.809,1.0,1.17963,246.465,50.0598,272.079,147.501,-251.41,1.0,428.014,426.014,428.688
2025-06-30 07:58:25,732.041,755.48,1379.5,100.0,75167296.0,40.9403,MPPT,0,1.44046,247.631,50.0494,358.351,263.289,-243.094,1.0,1.29311,248.224,50.049,336.864,238.203,-211.949,1.0,1.36494,245.056,50.049,318.846,230.549,-245.611,1.0,428.945,425.199,429.081
2025-06-30 08:03:25,1108.73,749.831,1379.5,100.0,75167296.0,40.9588,MPPT,0,1.78386,245.519,49.9913,439.065,393.352,-195.07,1.0,1.65653,244.771,49.991,409.905,362.603,-179.902,1.0,1.67521,243.618,49.991,404.779,352.774,-208.741,1.0,424.739,421.093,425.212
2025-06-30 08:08:25,1883.2,758.537,1379.5,100.0,75167400.0,40.977,MPPT,0,2.75516,247.923,50.0234,688.486,647.483,-234.05,1.0,2.65928,249.985,50.0252,665.156,619.301,-228.648,1.0,2.6799,247.013,50.0231,660.162,616.415,-249.93,1.0,431.264,427.985,430.95
2025-06-30 08:13:25,1517.56,755.464,1379.5,100.0,75167600.0,41.0302,MPPT,0,2.30158,247.38,49.9923,573.416,528.483,-222.511,1.0,2.19727,249.167,49.9928,538.725,501.525,-206.823,1.0,2.18418,244.963,49.9928,542.497,487.546,-229.18,1.0,429.126,425.591,429.457
2025-06-30 08:18:25,1973.35,752.718,1379.5,100.0,75167696.0,41.0644,MPPT,0,2.90185,246.514,49.9743,718.153,681.215,-227.354,1.0,2.80104,247.827,49.9763,684.301,649.267,-220.67,1.0,2.78931,242.233,49.9756,685.742,642.869,-234.494,1.0,426.837,422.292,426.449
2025-06-30 08:23:25,1661.22,750.026,1379.5,100.0,75167904.0,41.1218,MPPT,0,2.47579,246.194,49.9856,610.855,577.28,-199.729,1.0,2.36056,246.148,49.9846,581.127,542.698,-196.647,1.0,2.3715,242.472,49.9847,577.227,541.238,-211.588,1.0,425.441,421.496,425.99
2025-06-30 08:28:25,953.597,749.838,1379.5,100.0,75168000.0,41.1234,MPPT,0,1.63131,244.615,49.966,401.628,341.285,-211.731,1.0,1.47645,246.297,49.9663,380.133,303.918,-195.146,1.0,1.55114,243.392,49.9666,361.176,308.395,-222.248,1.0,424.941,421.726,425.137
2025-06-30 08:33:25,507.321,749.809,1379.5,100.0,75168096.0,41.097,MPPT,0,1.23844,242.827,50.005,303.701,189.992,-236.933,1.0,1.13226,245.838,50.0037,294.137,160.724,-223.428,1.0,1.20931,242.135,50.0039,275.232,156.604,-248.981,1.0,422.739,419.81,423.02
2025-06-30 08:38:25,494.52,749.955,1379.5,100.0,75168096.0,41.0886,MPPT,0,1.26232,244.365,49.9852,309.031,190.964,-242.967,1.0,1.15031,242.213,49.9863,296.696,153.487,-232.557,1.0,1.21725,242.46,49.9851,278.641,150.069,-255.945,1.0,420.885,418.532,423.562
2025-06-30 08:43:25,987.297,749.817,1379.5,100.0,75168200.0,41.0879,MPPT,0,1.71999,244.691,49.9847,424.056,350.627,-238.504,1.0,1.58709,247.189,49.9845,410.108,313.503,-229.059,1.0,1.67169,243.662,49.9843,388.268,323.167,-252.49,1.0,425.619,422.276,425.864
2025-06-30 08:48:25,1166.1,756.963,1379.5,100.0,75168200.0,41.0976,MPPT,0,1.90415,247.175,49.9726,475.361,411.573,-237.858,1.0,1.80162,250.506,49.9737,444.739,383.62,-227.784,1.0,1.80028,245.379,49.9726,446.15,370.904,-245.403,1.0,430.259,426.498,429.996
2025-06-30 08:53:25,2277.54,751.871,1379.5,100.0,75168400.0,41.1356,MPPT,0,3.23699,245.999,50.0121,802.722,774.257,-211.869,1.0,3.19688,248.9,50.0103,784.725,753.716,-226.592,1.0,3.18916,244.184,50.0106,787.04,749.568,-232.251,1.0,427.941,424.327,427.516
2025-06-30 08:58:25,4152.32,752.376,1379.5,100.0,75168704.0,41.2421,MPPT,0,5.82827,245.694,49.9781,1445.03,1403.1,-345.564,1.0,5.74515,246.733,49.978,1421.24,1372.69,-338.381,1.0,5.75284,246.758,49.9782,1413.78,1376.53,-353.675,1.0,427.221,425.087,428.081
2025-06-30 09:03:25,4548.03,749.833,1379.5,100.0,75169000.0,41.4734,MPPT,0,6.34248,243.864,49.9307,1560.75,1532.49,-295.684,1.0,6.28564,244.991,49.9294,1536.91,1507.39,-278.768,1.0,6.28155,244.912,49.9296,1532.95,1508.16,-295.901,1.0,423.925,421.305,425.48
2025-06-30 09:08:25,6092.17,750.458,1379.5,100.0,75169400.0,41.6931,MPPT,0,8.43591,244.266,49.8826,2084.73,2061.07,-313.224,1.0,8.3008,246.558,49.8832,2047.74,2009.2,-303.77,1.0,8.33963,245.42,49.8833,2032.03,2021.91,-324.226,1.0,425.669,422.604,426.676
2025-06-30 09:13:25,6769.68,752.078,1379.5,100.0,75170000.0,42.0867,MPPT,0,9.29018,244.848,49.8889,2302.25,2279.36,-323.783,1.0,9.21175,247.732,49.8895,2278.42,2237.99,-312.917,1.0,9.24867,245.817,49.8887,2259.76,2252.33,-343.813,1.0,426.89,424.097,427.751
2025-06-30 09:18:25,3718.41,752.38,1379.5,100.0,75170496.0,42.2714,MPPT,0,5.24661,245.817,49.8757,1300.15,1254.85,-340.217,1.0,5.2115,246.731,49.8763,1278.4,1234.61,-333.957,1.0,5.20007,245.601,49.8767,1278.98,1228.96,-352.089,1.0,426.767,423.685,427.908
2025-06-30 09:23:25,5618.8,752.207,1379.5,100.0,75170800.0,42.2666,MPPT,0,8.6752,245.399,49.8513,2148.7,1888.2,-1025.48,1.0,8.40126,246.281,49.8526,2062.42,1861.51,-894.971,1.0,8.36359,246.378,49.8522,2065.48,1869.09,-871.819,1.0,426.77,424.341,427.526
2025-06-30 09:28:25,7674.83,755.942,1379.5,100.0,75171400.0,42.599,MPPT,0,10.4242,245.711,49.8855,2597.52,2573.73,-350.689,1.0,10.4127,248.167,49.8856,2576.6,2551.45,-344.943,1.0,10.365,250.007,49.8861,2574.66,2549.65,-371.722,1.0,429.321,428.13,430.846
2025-06-30 09:33:25,10387.6,755.215,1379.5,100.0,75172200.0,43.1141,MPPT,0,14.4243,246.23,49.8876,3589.75,3477.34,-891.332,1.0,14.2874,247.502,49.8879,3563.44,3439.88,-807.323,1.0,14.351,249.152,49.888,3533.34,3470.38,-809.023,1.0,429.021,427.689,430.127
2025-06-30 09:38:25,10437.9,756.062,1379.5,100.0,75173104.0,43.7871,MPPT,0,14.1039,245.682,49.892,3510.64,3497.79,-300.196,1.0,14.015,248.11,49.8921,3496.67,3459.14,-302.904,1.0,14.0773,250.008,49.8916,3472.38,3481.01,-330.508,1.0,429.539,428.342,430.313
2025-06-30 09:43:25,6167.14,751.74,1379.5,100.0,75173904.0,44.1793,MPPT,0,8.50631,244.184,49.9805,2104.99,2075.8,-349.338,1.0,8.40287,246.362,49.9827,2080.25,2041.31,-331.173,1.0,8.43132,247.419,49.9826,2068.0,2050.03,-353.303,1.0,426.579,424.941,427.363
2025-06-30 09:48:25,5513.73,751.84,1379.5,100.0,75174400.0,44.0308,MPPT,0,7.59631,244.897,50.0194,1880.33,1848.24,-345.875,1.0,7.544,247.398,50.0198,1874.09,1825.77,-330.846,1.0,7.59097,247.447,50.0192,1855.51,1839.71,-357.346,1.0,427.296,425.725,427.944
2025-06-30 09:53:25,2455.62,749.916,1379.5,100.0,75174704.0,43.7167,MPPT,0,3.51549,243.088,50.0144,865.622,836.533,-222.515,1.0,3.43036,246.173,50.014,841.313,811.046,-217.417,1.0,3.42549,246.135,50.0137,839.682,808.041,-234.259,1.0,424.494,423.262,425.668
2025-06-30 09:58:25,1821.86,749.816,1379.5,100.0,75174896.0,43.297,MPPT,0,2.6847,243.068,50.0463,660.487,629.822,-198.914,1.0,2.57156,245.967,50.0451,627.193,599.039,-192.618,1.0,2.5584,245.717,50.0455,629.245,593.003,-204.252,1.0,424.554,422.742,425.154
2025-06-30 10:03:25,2381.24,749.967,1379.5,100.0,75175104.0,43.0114,MPPT,0,3.4312,243.097,50.0322,843.15,812.998,-223.461,1.0,3.30938,246.641,50.0322,819.676,782.186,-215.587,1.0,3.33889,245.513,50.0312,811.352,786.054,-232.355,1.0,424.928,423.58,425.016
2025-06-30 10:08:25,1571.57,749.864,1379.5,100.0,75175200.0,42.7937,MPPT,0,2.40361,242.365,50.0329,590.535,549.072,-217.373,1.0,2.26541,246.286,50.0319,558.079,513.73,-208.439,1.0,2.27683,245.735,50.032,554.406,508.77,-229.356,1.0,424.158,422.959,424.632
2025-06-30 10:13:25,1865.29,749.834,1379.5,100.0,75175400.0,42.5974,MPPT,0,2.73122,242.84,50.0102,671.314,638.268,-208.028,1.0,2.64226,246.394,50.0117,651.367,614.849,-201.016,1.0,2.65541,246.308,50.0115,646.875,612.173,-222.537,1.0,424.952,423.815,425.195
2025-06-30 10:18:25,2876.74,749.899,1379.5,100.0,75175600.0,42.4726,MPPT,0,4.06017,242.385,50.0918,997.585,969.069,-236.814,1.0,4.00186,245.756,50.0916,985.362,952.441,-232.406,1.0,4.01194,247.073,50.0921,980.386,955.231,-241.809,1.0,424.425,423.945,425.174
2025-06-30 10:23:25,3949.35,750.039,1379.5,100.0,75175904.0,42.4351,MPPT,0,5.53516,242.776,50.0808,1356.95,1326.83,-284.312,1.0,5.45503,244.968,50.0811,1355.59,1299.02,-280.278,1.0,5.55138,244.86,50.0802,1328.91,1323.5,-293.176,1.0,423.245,421.348,423.781
2025-06-30 10:28:25,3710.86,754.558,1379.5,100.0,75176200.0,42.518,MPPT,0,5.19506,245.509,50.1317,1289.08,1251.53,-308.852,1.0,5.17486,249.852,50.1316,1267.99,1233.87,-321.733,1.0,5.16456,244.233,50.1301,1275.12,1225.46,-325.628,1.0,429.156,424.44,427.128
2025-06-30 10:33:25,3762.09,749.774,1379.5,100.0,75176496.0,42.4985,MPPT,0,5.32879,242.422,50.0619,1304.77,1273.04,-285.991,1.0,5.28851,246.194,50.0619,1274.71,1249.26,-300.483,1.0,5.25773,240.466,50.061,1284.89,1239.8,-296.302,1.0,422.725,418.322,421.638
2025-06-30 10:38:25,5392.48,750.036,1379.5,100.0,75176896.0,42.5871,MPPT,0,7.52335,243.909,50.0035,1839.11,1810.62,-322.472,1.0,7.51089,244.743,50.0057,1826.88,1786.55,-334.062,1.0,7.5358,239.26,50.0057,1817.52,1795.3,-338.198,1.0,421.576,417.358,421.728
2025-06-30 10:43:25,7877.0,749.785,1379.5,100.0,75177504.0,42.8755,MPPT,0,10.83,244.666,50.0498,2663.6,2648.88,-279.64,1.0,10.8204,245.309,50.049,2635.85,2610.18,-291.772,1.0,10.8214,240.909,50.05,2626.44,2617.94,-306.757,1.0,423.054,418.615,424.21
2025-06-30 10:48:25,9631.61,749.981,1379.5,100.0,75178200.0,43.3604,MPPT,0,13.4136,242.033,50.0956,3252.19,3244.69,-220.68,1.0,13.2806,241.527,50.0965,3223.7,3173.52,-238.472,1.0,13.38,238.595,50.0953,3182.46,3213.4,-257.542,1.0,417.654,414.025,418.643
2025-06-30 10:53:25,8579.95,749.895,1379.5,100.0,75179000.0,43.8801,MPPT,0,11.9996,239.349,50.0722,2898.4,2888.68,-237.134,1.0,11.921,242.277,50.0731,2859.25,2844.55,-252.757,1.0,11.9095,238.5,50.0721,2855.76,2846.72,-267.39,1.0,416.691,413.207,417.047
2025-06-30 10:58:25,9550.36,749.768,1379.5,100.0,75179904.0,44.332,MPPT,0,13.3457,239.544,50.0546,3213.96,3204.38,-247.939,1.0,13.333,241.247,50.0554,3189.59,3168.21,-268.177,1.0,13.3614,236.211,50.0556,3179.54,3177.76,-274.386,1.0,415.184,411.249,415.308
2025-06-30 11:03:25,8349.74,749.921,1379.5,100.0,75180600.0,44.5928,MPPT,0,11.7126,239.118,50.0691,2821.67,2810.05,-255.759,1.0,11.6366,241.942,50.0695,2790.43,2763.32,-273.952,1.0,11.6796,236.196,50.0695,2776.87,2776.36,-279.881,1.0,415.237,411.58,415.452
2025-06-30 11:08:25,5932.47,749.865,1379.5,100.0,75181200.0,44.5809,MPPT,0,8.39922,238.674,50.024,2019.77,1996.58,-305.174,1.0,8.33573,238.014,50.0247,2002.52,1959.18,-315.596,1.0,8.34543,240.228,50.0245,1984.43,1976.71,-320.472,1.0,413.405,412.01,416.367
2025-06-30 11:13:25,5239.08,749.939,1379.5,100.0,75181696.0,44.3948,MPPT,0,7.50762,236.551,50.0174,1794.08,1768.98,-299.036,1.0,7.38903,238.957,50.0158,1767.79,1728.73,-304.953,1.0,7.40646,238.496,50.0157,1755.42,1741.37,-304.468,1.0,411.813,411.014,413.602
2025-06-30 11:18:25,5047.63,749.934,1379.5,100.0,75182096.0,44.1953,MPPT,0,7.17811,236.988,50.0854,1718.4,1691.03,-305.49,1.0,7.1945,238.753,50.0855,1703.2,1681.11,-305.718,1.0,7.13177,238.823,50.0858,1708.68,1675.49,-305.972,1.0,411.979,411.538,413.988
2025-06-30 11:23:25,5178.3,749.729,1379.5,100.0,75182600.0,44.0565,MPPT,0,7.3436,238.532,50.0869,1768.51,1739.55,-318.724,1.0,7.28253,240.478,50.0863,1753.77,1715.59,-327.545,1.0,7.28519,240.955,50.0871,1746.58,1723.16,-326.247,1.0,415.487,414.852,416.859
2025-06-30 11:28:25,6983.71,749.906,1379.5,100.0,75183104.0,44.0197,MPPT,0,9.90696,236.198,50.0901,2372.73,2356.33,-278.477,1.0,9.76219,239.14,50.0906,2344.61,2301.96,-303.429,1.0,9.81383,239.206,50.0912,2321.87,2325.43,-299.341,1.0,412.245,411.63,413.874
2025-06-30 11:33:25,8222.18,749.908,1379.5,100.0,75183800.0,44.238,MPPT,0,11.6007,235.849,50.1495,2777.13,2763.78,-271.96,1.0,11.5394,239.872,50.1485,2742.49,2731.61,-308.719,1.0,11.4977,239.637,50.1488,2749.0,2726.79,-293.019,1.0,412.901,411.834,413.82
2025-06-30 11:38:25,8208.11,750.042,1379.5,100.0,75184496.0,44.5271,MPPT,0,11.4648,238.786,50.1011,2776.64,2760.68,-297.325,1.0,11.3758,241.597,50.1013,2748.69,2716.56,-320.834,1.0,11.3731,243.163,50.1012,2735.44,2730.88,-312.422,1.0,416.934,416.751,419.091
2025-06-30 11:43:25,8383.53,749.873,1379.5,100.0,75185200.0,44.679,MPPT,0,11.7222,239.426,50.0685,2828.8,2813.03,-298.279,1.0,11.6574,241.519,50.0685,2807.31,2780.54,-315.186,1.0,11.6538,240.38,50.0681,2798.34,2789.96,-311.568,1.0,416.009,414.829,418.132
2025-06-30 11:48:25,9688.97,749.719,1379.5,100.0,75186000.0,45.0219,MPPT,0,13.7441,233.423,50.0288,3250.53,3240.64,-253.312,1.0,13.7025,238.588,50.0293,3237.04,3222.34,-261.968,1.0,13.7114,235.64,50.0304,3232.97,3226.0,-267.188,1.0,409.029,407.428,409.029
2025-06-30 11:53:25,8845.3,750.035,1379.5,100.0,75186704.0,45.2092,MPPT,0,12.6141,233.264,50.0095,2972.1,2961.63,-249.329,1.0,12.5808,235.34,50.0107,2961.34,2933.3,-266.046,1.0,12.575,235.35,50.0105,2945.34,2950.38,-254.586,1.0,406.014,405.459,407.82
2025-06-30 11:58:25,12402.2,750.104,1379.5,100.0,75187696.0,45.5329,MPPT,0,17.3643,237.993,50.0702,4162.36,4153.94,-264.619,1.0,17.2366,239.281,50.069,4157.0,4100.21,-281.663,1.0,17.3353,239.834,50.0706,4109.88,4148.0,-273.357,1.0,413.448,413.131,415.27
2025-06-30 12:03:25,10063.8,749.838,1379.5,100.0,75188704.0,45.9719,MPPT,0,14.1243,237.106,50.0244,3378.37,3368.1,-263.257,1.0,14.0946,239.695,50.0246,3365.5,3340.94,-283.183,1.0,14.0956,237.655,50.024,3352.92,3354.76,-268.595,1.0,412.346,411.279,413.596
2025-06-30 12:08:25,11136.3,750.016,1379.5,100.0,75189696.0,46.2745,MPPT,0,15.6196,236.777,49.9616,3735.49,3726.42,-260.217,1.0,15.5456,238.125,49.9608,3728.81,3691.44,-281.829,1.0,15.5542,240.003,49.9609,3702.18,3718.44,-277.908,1.0,411.976,412.152,414.474
2025-06-30 12:13:25,10768.2,750.042,1379.5,100.0,75190600.0,46.4434,MPPT,0,15.0713,236.76,49.9498,3605.68,3596.37,-258.995,1.0,15.0156,238.499,49.9504,3613.33,3569.21,-279.925,1.0,15.0716,239.947,49.9488,3580.17,3602.6,-278.24,1.0,412.47,412.272,414.382
2025-06-30 12:18:25,9536.43,749.829,1379.5,100.0,75191400.0,46.3656,MPPT,0,13.3924,237.021,49.9985,3203.11,3190.8,-280.538,1.0,13.3242,238.916,49.998,3201.4,3157.98,-297.704,1.0,13.3665,240.024,49.9989,3171.98,3187.65,-296.36,1.0,412.977,412.699,414.298
2025-06-30 12:23:25,10479.8,749.94,1379.5,100.0,75192304.0,46.4461,MPPT,0,14.6782,237.275,50.0017,3520.18,3510.93,-254.975,1.0,14.5646,239.574,50.0021,3510.83,3469.29,-272.875,1.0,14.6334,239.93,50.0013,3480.0,3499.61,-280.513,1.0,413.497,413.529,414.86
2025-06-30 12:28:25,8082.45,749.955,1379.5,100.0,75193104.0,46.4978,MPPT,0,11.434,236.363,49.979,2735.7,2721.35,-279.857,1.0,11.312,239.887,49.979,2700.85,2677.31,-297.413,1.0,11.2953,239.792,49.9783,2693.78,2683.79,-303.118,1.0,412.776,412.648,414.555
2025-06-30 12:33:21,10384.9,749.719,1379.5,100.0,75193904.0,46.3788,MPPT,0,14.5993,235.968,49.9889,3482.87,3474.14,-246.375,1.0,14.5785,238.622,49.99,3467.11,3454.1,-263.182,1.0,14.5426,239.555,49.9895,3464.11,3456.67,-268.875,1.0,412.155,411.696,412.96
2025-06-30 12:38:25,9962.64,750.017,1379.5,100.0,75194800.0,46.4999,MPPT,0,14.0954,234.648,50.0166,3345.6,3339.88,-195.528,1.0,14.0698,237.132,50.0165,3315.5,3313.63,-201.777,1.0,14.0023,237.789,50.0161,3319.77,3309.13,-205.438,1.0,409.598,408.441,411.175
2025-06-30 12:43:25,10250.5,750.17,1379.5,100.0,75195600.0,46.5139,MPPT,0,14.4919,236.308,50.0104,3455.4,3448.99,-210.384,1.0,14.3588,238.148,50.0112,3416.07,3392.87,-225.212,1.0,14.3665,237.357,50.0105,3400.33,3408.62,-225.512,1.0,410.863,409.471,412.265
2025-06-30 12:48:25,11123.7,749.782,1379.5,100.0,75196496.0,46.6523,MPPT,0,15.6494,237.002,49.9843,3745.78,3739.44,-217.801,1.0,15.5243,238.943,49.9856,3716.28,3675.67,-235.944,1.0,15.5812,238.114,49.9859,3683.24,3708.59,-239.037,1.0,412.07,410.352,413.875
2025-06-30 12:53:25,8577.53,749.912,1379.5,100.0,75197400.0,46.8264,MPPT,0,12.6331,236.214,50.0121,3016.57,2870.78,-926.464,1.0,12.4725,239.478,50.0126,2980.05,2839.57,-835.625,1.0,12.5052,237.378,50.0132,2959.97,2867.18,-812.405,1.0,411.891,410.163,413.017
2025-06-30 12:58:25,7230.2,749.923,1379.5,100.0,75198096.0,46.5298,MPPT,0,10.2384,236.439,50.0125,2440.47,2426.5,-260.811,1.0,10.2111,240.269,50.0131,2411.38,2406.97,-270.672,1.0,10.1829,235.249,50.0124,2422.14,2396.73,-265.343,1.0,412.028,408.957,411.757
2025-06-30 13:03:25,11506.3,749.894,1379.5,100.0,75198896.0,46.4579,MPPT,0,15.9623,239.33,50.0828,3861.87,3854.65,-235.932,1.0,15.8993,242.524,50.0819,3848.56,3811.51,-245.819,1.0,15.9285,240.452,50.082,3819.43,3840.16,-254.054,1.0,416.989,415.57,418.513
2025-06-30 13:08:25,10120.1,749.756,1379.5,100.0,75199800.0,46.5758,MPPT,0,14.0294,239.106,50.0642,3391.28,3382.37,-245.667,1.0,14.0313,242.023,50.064,3389.99,3357.85,-267.503,1.0,14.0569,240.701,50.064,3368.49,3379.86,-261.956,1.0,416.508,415.313,418.318
2025-06-30 13:13:24,9482.45,749.853,1379.5,100.0,75200600.0,46.6269,MPPT,0,13.2176,238.66,50.0726,3193.65,3184.03,-247.65,1.0,13.1797,241.87,50.0727,3155.67,3152.9,-258.985,1.0,13.0888,241.041,50.0729,3163.52,3145.51,-252.984,1.0,416.514,415.24,418.122
2025-06-30 13:18:25,11417.2,750.046,1379.5,100.0,75201504.0,46.6009,MPPT,0,15.8505,240.316,50.1156,3849.08,3841.46,-242.131,1.0,15.7247,243.326,50.1154,3799.53,3785.31,-249.235,1.0,15.7408,241.005,50.1163,3793.51,3790.41,-263.026,1.0,418.607,416.576,419.224
2025-06-30 13:23:25,13547.9,749.991,1379.5,100.0,75202600.0,47.0039,MPPT,0,18.497,243.942,50.1178,4554.11,4546.67,-260.227,1.0,18.4044,246.423,50.1169,4525.93,4483.61,-264.947,1.0,18.446,244.08,50.1168,4491.43,4517.59,-274.661,1.0,424.136,422.351,425.276
2025-06-30 13:28:25,17157.2,749.819,1379.5,100.0,75204096.0,47.9996,MPPT,0,23.4018,243.996,50.1029,5771.99,5765.25,-278.698,1.0,23.3246,246.525,50.1007,5702.9,5696.15,-283.485,1.0,23.3431,243.117,50.103,5703.2,5695.79,-284.652,1.0,425.527,421.133,424.286
2025-06-30 13:33:25,9909.47,750.084,1379.5,100.0,75205000.0,47.8843,MPPT,0,13.7717,238.548,50.0593,3327.6,3318.04,-252.047,1.0,13.7632,242.586,50.0596,3309.94,3292.2,-260.504,1.0,13.7265,239.976,50.0582,3302.49,3299.23,-266.021,1.0,416.571,414.776,417.888
2025-06-30 13:38:25,10641.9,749.93,1379.5,100.0,75206000.0,47.8298,MPPT,0,14.7759,239.156,50.0472,3570.7,3563.32,-229.453,1.0,14.7549,241.853,50.0461,3559.14,3528.96,-245.015,1.0,14.77,240.21,50.0472,3537.46,3549.64,-259.771,1.0,416.188,414.76,418.121
2025-06-30 13:43:25,10400.8,749.802,1379.5,100.0,75206800.0,47.6884,MPPT,0,14.474,239.806,49.9729,3501.44,3491.02,-270.016,1.0,14.3975,241.842,49.9727,3471.05,3451.25,-294.559,1.0,14.3891,241.329,49.9737,3463.8,3458.55,-294.312,1.0,416.94,416.167,418.523
2025-06-30 13:48:25,11024.5,750.006,1379.5,100.0,75207696.0,47.5846,MPPT,0,15.3311,240.477,50.0253,3708.3,3698.3,-272.17,1.0,15.2809,241.753,50.0251,3687.21,3650.1,-295.113,1.0,15.2952,239.87,50.0248,3662.01,3676.11,-285.831,1.0,417.061,414.688,418.703
2025-06-30 13:53:25,8928.04,749.945,1379.5,100.0,75208600.0,47.498,MPPT,0,12.4508,238.26,49.9939,2995.93,2982.45,-283.934,1.0,12.4232,240.755,49.995,3001.41,2960.27,-293.975,1.0,12.4576,241.369,49.9959,2974.83,2985.32,-310.377,1.0,415.398,414.962,417.058
2025-06-30 13:58:25,11729.9,750.024,1379.5,100.0,75209400.0,47.3211,MPPT,0,16.3068,238.739,50.0269,3937.93,3928.75,-268.797,1.0,16.2479,241.25,50.0274,3916.07,3896.44,-282.754,1.0,16.2202,241.968,50.0281,3906.69,3904.72,-297.922,1.0,416.459,416.34,417.777
2025-06-30 14:03:25,10047.3,749.894,1379.5,100.0,75210304.0,47.3469,MPPT,0,13.9864,240.534,50.0928,3385.63,3374.22,-277.757,1.0,13.9239,241.93,50.0935,3355.67,3330.44,-302.478,1.0,13.9264,239.815,50.0931,3344.15,3342.6,-295.856,1.0,416.716,415.243,418.301
2025-06-30 14:08:25,4594.0,750.087,1379.5,100.0,75210896.0,46.9016,MPPT,0,6.60039,237.272,50.1058,1576.25,1545.32,-310.687,1.0,6.56987,238.378,50.1055,1555.77,1526.85,-312.694,1.0,6.51586,237.784,50.1064,1558.55,1521.82,-323.238,1.0,411.804,410.601,413.28
2025-06-30 14:13:25,5755.62,750.1,1379.5,100.0,75211296.0,46.4141,MPPT,0,8.21441,235.993,50.0295,1956.83,1933.67,-300.192,1.0,8.18311,238.178,50.0293,1929.79,1915.88,-292.704,1.0,8.11327,237.608,50.0305,1938.11,1906.08,-301.614,1.0,410.657,409.784,412.216
2025-06-30 14:18:25,9005.13,749.831,1379.5,100.0,75211904.0,46.1829,MPPT,0,12.6664,236.828,50.0656,3028.08,3017.82,-249.091,1.0,12.635,238.156,50.0655,3013.7,2985.55,-256.124,1.0,12.6296,238.807,50.0655,2996.52,3001.77,-267.911,1.0,411.74,410.664,414.032
2025-06-30 14:23:25,11781.0,749.781,1379.5,100.0,75212896.0,46.5247,MPPT,0,16.4393,239.288,50.064,3957.22,3949.03,-254.383,1.0,16.362,239.533,50.0632,3937.01,3904.31,-258.621,1.0,16.4003,239.286,50.0646,3912.87,3927.65,-271.259,1.0,414.21,413.42,416.164
2025-06-30 14:28:25,14502.8,750.077,1379.5,100.0,75213904.0,46.9423,MPPT,0,20.2322,239.236,50.081,4879.02,4870.91,-281.229,1.0,20.0821,240.673,50.0821,4837.7,4802.95,-275.825,1.0,20.1588,239.248,50.0815,4810.87,4828.9,-291.721,1.0,415.28,413.499,416.532
2025-06-30 14:33:25,21986.8,749.944,1379.5,100.0,75215696.0,48.6252,MPPT,0,30.0962,241.536,50.1025,7348.24,7341.77,-308.184,1.0,30.0101,245.577,50.1016,7331.65,7321.3,-333.883,1.0,30.0691,244.253,50.1004,7328.91,7323.77,-339.825,1.0,423.045,421.797,421.787
2025-06-30 14:38:25,14767.7,749.938,1379.5,100.0,75217400.0,49.6466,MPPT,0,20.4555,238.174,50.0954,4940.36,4932.92,-271.003,1.0,20.3959,243.388,50.0947,4923.66,4918.94,-265.241,1.0,20.4329,241.955,50.0958,4926.09,4915.83,-277.526,1.0,418.392,416.948,417.214
2025-06-30 14:43:25,14831.1,750.116,1379.5,100.0,75218600.0,49.4932,MPPT,0,20.5789,236.545,50.0797,4953.09,4946.49,-255.67,1.0,20.549,243.465,50.0805,4947.04,4945.0,-262.972,1.0,20.5449,241.352,50.0805,4951.99,4939.65,-270.447,1.0,416.78,416.584,416.173
